key,value,qualifier,label,ci_low,ci_high,p_value,display,section,source
generations_total,1119,"Every row the table holds, across all splits and all serving stacks. It includes D11's 39 partial LC cells, which D13 retains as a paired backend-equivalence sample rather than as part of any arm, and the 24 output-gate refusals D12 keeps flagged, so it is not the number any comparison ran on — see `generations_analysed` below.",generations in `generation`,,,,"1,119","GENERATIONS — counted from `generation` itself, before any exclusion",carelite.stats.data.GENERATION_COUNTS_SQL
generations_by_condition.A,180,By serving stack: ollama 180. 3 of these were refused by the output gate and are counted here (D12); sensitivity analysis (d) in analysis.txt is the rerun that excludes them.,condition A,,,,180,"GENERATIONS — counted from `generation` itself, before any exclusion",carelite.stats.data.GENERATION_COUNTS_SQL
generations_by_condition.A2,180,By serving stack: ollama 180. 7 of these were refused by the output gate and are counted here (D12); sensitivity analysis (d) in analysis.txt is the rerun that excludes them.,condition A2,,,,180,"GENERATIONS — counted from `generation` itself, before any exclusion",carelite.stats.data.GENERATION_COUNTS_SQL
generations_by_condition.B,180,By serving stack: ollama 180. 2 of these were refused by the output gate and are counted here (D12); sensitivity analysis (d) in analysis.txt is the rerun that excludes them.,condition B,,,,180,"GENERATIONS — counted from `generation` itself, before any exclusion",carelite.stats.data.GENERATION_COUNTS_SQL
generations_by_condition.C,180,By serving stack: ollama 180. 2 of these were refused by the output gate and are counted here (D12); sensitivity analysis (d) in analysis.txt is the rerun that excludes them.,condition C,,,,180,"GENERATIONS — counted from `generation` itself, before any exclusion",carelite.stats.data.GENERATION_COUNTS_SQL
generations_by_condition.LC,219,"By serving stack: ollama 39, vllm 180. 7 of these were refused by the output gate and are counted here (D12); sensitivity analysis (d) in analysis.txt is the rerun that excludes them. D13: the LC ANALYSIS ARM IS `served_by = 'vllm'` AND NOTHING ELSE. The count above pools both stacks because it is a census of the table, not of the arm. The Ollama rows are D11's partial record — 39 cells over 13 of 60 scenarios, never randomised for partial analysis — kept only as a paired backend-equivalence sample. Condition C was served by Ollama, so the C-vs-LC comparison is confounded by serving stack and says so wherever it is printed.",condition LC,,,,219,"GENERATIONS — counted from `generation` itself, before any exclusion",carelite.stats.data.GENERATION_COUNTS_SQL
generations_by_condition.D,180,By serving stack: ollama 180. 3 of these were refused by the output gate and are counted here (D12); sensitivity analysis (d) in analysis.txt is the rerun that excludes them.,condition D,,,,180,"GENERATIONS — counted from `generation` itself, before any exclusion",carelite.stats.data.GENERATION_COUNTS_SQL
generations_by_served_by.ollama,939,"The two stacks serve different artifacts of the same model family — a GGUF against HF safetensors — so `model` and `model_digest` alone cannot tell them apart and a count pooled across backends would hide the difference. A zero is printed rather than the row omitted, so a stack that produced nothing is visibly nothing rather than silently absent. Conditions produced by more than one stack on this run: LC. Any arm on that list is pooled across backends and must be checked for agreement before it is treated as one arm.",served by ollama,,,,939,"GENERATIONS — counted from `generation` itself, before any exclusion",carelite.stats.data.GENERATION_COUNTS_SQL
generations_by_served_by.vllm,180,"The two stacks serve different artifacts of the same model family — a GGUF against HF safetensors — so `model` and `model_digest` alone cannot tell them apart and a count pooled across backends would hide the difference. A zero is printed rather than the row omitted, so a stack that produced nothing is visibly nothing rather than silently absent. Conditions produced by more than one stack on this run: LC. Any arm on that list is pooled across backends and must be checked for agreement before it is treated as one arm.",served by vllm,,,,180,"GENERATIONS — counted from `generation` itself, before any exclusion",carelite.stats.data.GENERATION_COUNTS_SQL
generations_scored,1119,"Rows in `generation` with at least one row in `rubric_score`. A generation without one was produced but never judged, and the difference from the total above is exactly that set.",generations with a rubric score,,,,"1,119","GENERATIONS — counted from `generation` itself, before any exclusion",carelite.stats.data.GENERATION_COUNTS_SQL
generations_analysed,1080,"The `holdout` split narrowed to one serving stack per condition (D13): the LC arm is the vLLM cells, and D11's 39 Ollama LC cells are excluded. This is the frame behind every comparison in analysis.txt. Gate-blocked generations are included here, as D12 specifies for the base reading. This is a smaller number than the census above and the two are not interchangeable.",generations the analysis ran on,,,,"1,080","GENERATIONS — counted from `generation` itself, before any exclusion",carelite.stats.report.run_analysis
scenarios_analysed,60,"Held-out scenarios contributing at least one scored generation. The paired tests run on scenario-level cell means, so this — not the generation count — is the n every effect size and interval is computed at.",scenarios the analysis ran on,,,,60,"GENERATIONS — counted from `generation` itself, before any exclusion",carelite.stats.report.run_analysis
primary_b_vs_a_coefficient,0.6724074074074052,"EXPLORATORY (judge validation study has not run). Rubric quality points, condition B relative to reference A, from `value ~ condition + (1 | scenario)` fitted by REML over 1079 generations in 60 scenarios; the random intercept is what stops the 3 samples in a cell counting as 3 scenarios. Descriptive, not confirmatory: D10 dropped the pre-registration, so this is an observation from one local run rather than a hypothesis test. The p-value is uncorrected — the Holm family is the eight comparisons in analysis.txt, and this model is not a member of it.","mixed-effects coefficient, B vs A",0.5343616343259685,0.810453180488842,1.3377434082598843e-21,"+0.6724  95% CI [+0.5344, +0.8105]  p = 1.338e-21","PRIMARY CONTRAST — condition B against condition A, composite NURSE adherence","carelite.stats.mixed.fit_random_intercept(nurse_composite), fixed effect 'B vs A'"
primary_b_vs_a_hodges_lehmann,0.6666666666666665,"EXPLORATORY (judge validation study has not run). The paired location shift in rubric quality points over 60 scenario-level cell means, with a 95% bootstrap interval. REORIENTED: the §8.1 family computes this comparison as A vs B, so the point estimate is negated and the interval bounds swapped to put it in the same B-against-A orientation as the coefficient above. The p-value is Holm-adjusted across the family of 8; read it in analysis.txt, where the instrument diagnostic that governs it is printed first.","Hodges-Lehmann shift, B vs A",0.4666666666666669,0.8333333333333335,1.2400068343270232e-07,"+0.667 rubric points  95% CI [+0.467, +0.833]  Holm-adjusted p = 1.24e-07","PRIMARY CONTRAST — condition B against condition A, composite NURSE adherence","carelite.stats.primary.run_family — primary_nurse_A_vs_B, Hodges-Lehmann, reoriented"
dimensions_clearing_the_judge_gate,0,"Either the judge validation study has not run, or no dimension cleared alpha >= 0.667 and rho >= 0.5 on >= 30 paired units (analysis plan §9). While this reads 0, every judge-scored result in this block is EXPLORATORY, and that label is a measured state of the database rather than a hedge — `rating_assignment` is what has to be populated for it to change.",rubric dimensions clearing the judge-agreement threshold,,,,0 of 11,WHY EVERY RESULT ABOVE IS EXPLORATORY,carelite.stats.evidence.dimension_statuses
